"time{s}","ModulatedVoltageSource\p_high.u{V}","Inertia\p2.omega{rad/s}"
0,0,0
0.02,0,0
0.06,0,0
0.14,0,0
0.3,0,0
0.62,0,0
0.78,0,0
0.86,0,0
0.9,0,0
0.98,0,0
0.99,0,0
0.995,0,0
0.9975,0,0
0.99875,0,0
0.999375,0,0
0.9996875,0,0
0.99984375,0,0
0.999921875,0,0
0.9999609375,0,0
0.99998046875,0,0
0.999990234375,0,0
0.9999951171875,0,0
0.99999755859375,0,0
0.999998779296875,0,0
0.999999389648438,0,0
0.999999694824219,0,0
0.999999847412109,0,0
0.999999923706055,0,0
0.999999961853027,0,0
0.999999980926514,0,0
0.999999990463257,0,0
0.999999995231629,0,0
0.999999997615814,0,0
0.999999998807907,0,0
0.999999999403954,0,0
0.999999999701977,0,0
0.999999999850988,0,0
0.999999999925494,0,0
0.999999999962747,0,0
0.999999999983283,0,0
0.999999999998529,0,0
1,24,1.94938381516475e-023
1,24,1.94938381516475e-023
1.00000000000466,24,3.66217410551443e-023
1.00000000001398,24,9.89250570528717e-023
1.00000000003261,24,1.22228390866029e-021
1.00000000006988,24,1.10795080813877e-020
1.00000000014441,24,9.30378361319799e-020
1.00000000029349,24,7.60341049107912e-019
1.00000000059163,24,6.14372132772984e-018
1.00000000118792,24,4.93864274843871e-017
1.00000000238049,24,3.96006892481234e-016
1.00000000476564,24,3.17138975279917e-015
1.00000000953594,24,2.5379563687852e-014
1.00000001430625,24,7.25700148857794e-014
1.00000002384685,24,3.33415493746936e-013
1.00000003235765,24,7.44493149695403e-013
1.00000004086844,24,1.40254922497873e-012
1.00000004937924,24,2.33854123400866e-012
1.00000006640083,24,4.97495019333196e-012
1.00000008342243,24,9.02725098767278e-012
1.00000010044402,24,1.49089581030921e-011
1.00000013448721,24,3.42916622235141e-011
1.0000001685304,24,6.57436382388883e-011
1.00000023661677,24,1.80234387952129e-010
1.00000030470315,24,3.79282369502747e-010
1.0000004408759,24,1.15247146177578e-009
1.00000056343137,24,2.36969863405725e-009
1.00000068598685,24,4.22588178353749e-009
1.00000080854232,24,6.84734106097574e-009
1.0000009310978,24,1.03642186938412e-008
1.00000117620875,24,2.05431954364326e-008
1.0000014213197,24,3.57768170652657e-008
1.00000166643065,24,5.71115318416687e-008
1.00000215665255,24,1.21905022864458e-007
1.00000258997015,24,2.08737150335799e-007
1.00000302328774,24,3.2844834020864e-007
1.00000345660533,24,4.85752607337777e-007
1.00000388992293,24,6.85157520934604e-007
1.00000432324052,24,9.30977079872021e-007
1.0000051898757,24,1.57826282930424e-006
1.00000605651089,24,2.45856457091652e-006
1.00000692314607,24,3.60003996061016e-006
1.00000778978126,24,5.02845461864662e-006
1.00000865641645,24,6.76750464463651e-006
1.00000952305163,24,8.83891140888373e-006
1.00001038968682,24,1.1262417516339e-005
1.00001212295719,24,1.72361464000065e-005
1.00001359782597,24,2.35778664332433e-005
1.00001507269476,24,3.11456381705629e-005
1.00001654756355,24,3.99941741333403e-005
1.00001802243233,24,5.01697643819886e-005
1.00001949730112,24,6.17112719693127e-005
1.0000209721699,24,7.46511392225379e-005
1.00002392190748,24,0.000104828045413355
1.00002638608577,24,0.000134522104401833
1.00002885026407,24,0.000168366496652437
1.00003131444236,24,0.000206400492741431
1.00003377862066,24,0.000248644677005939
1.00003709659623,24,0.000312188234881323
1.00003965820026,24,0.000366470964888138
1.00004221980429,24,0.00042529011029419
1.00004478140832,24,0.00048862272606761
1.00004734301236,24,0.000556440525347829
1.00004990461639,24,0.000628711496291436
1.00005246622042,24,0.000705400689696473
1.00005502782445,24,0.000786470728465244
1.00005758942848,24,0.000871882420254483
1.00006015103251,24,0.000961595377328279
1.00006527424058,24,0.00115375948768829
1.00006947359162,24,0.00132374429647475
1.00007367294267,24,0.00150476683340813
1.00007787229371,24,0.00169664134078681
1.00008207164475,24,0.00189918294000021
1.0000862709958,24,0.00211220873268863
1.00009047034684,24,0.0023355382185627
1.00009466969789,24,0.002568993549381
1.00009886904893,24,0.00281239950966097
1.00010306839997,24,0.00306558360102565
1.00010726775102,24,0.00332837610899658
1.00011566645311,24,0.00388212173965928
1.00012406515519,24,0.00447233546850827
1.00013246385728,24,0.00509776016673876
1.00014086255937,24,0.00575718173835668
1.00014926126146,24,0.00644942786209877
1.00015765996354,24,0.00717336651813754
1.00017445736772,24,0.00871198347897303
1.0001912547719,24,0.0103647304633098
1.00020805217607,24,0.0121238684220485
1.00024164698442,24,0.0159328687593693
1.00027137282532,24,0.019592453418805
1.00030109866621,24,0.0234905215757787
1.0003308245071,24,0.0275991846616334
1.000360550348,24,0.0318937848181651
1.00039027618889,24,0.0363525307569766
1.00042000202978,24,0.0409561637388715
1.00047945371157,24,0.0505321681885836
1.00053296022518,24,0.0594952191620373
1.00057133445661,24,0.0660854787825161
1.00060970868804,24,0.0727882655703456
1.00064808291947,24,0.0795867856245809
1.0006864571509,24,0.0864666751320488
1.00072483138233,24,0.0934155930574293
1.00076320561376,24,0.100423015679935
1.00080157984519,24,0.107480030433105
1.00083995407662,24,0.114579065492198
1.00087832830805,24,0.121713644952695
1.00091670253948,24,0.128878229436482
1.00095507677092,24,0.136068104870432
1.00099345100235,24,0.143279267925199
1.00103182523378,24,0.150508307912298
1.00107716512769,24,0.159068644771912
1.0011225050216,24,0.167645845750599
1.00116784491551,24,0.176236561629664
1.00121318480942,24,0.184838025969329
1.00125852470333,24,0.193447951024128
1.00130386459724,24,0.202064440902963
1.00134920449115,24,0.210685924202738
1.00139454438507,24,0.219311100497609
1.00143988427898,24,0.227938894582581
1.00148522417289,24,0.236568416814497
1.0015305640668,24,0.245198930332612
1.00157590396071,24,0.253829824884972
1.00162124385462,24,0.262460595522389
1.00166658374853,24,0.271090824597478
1.00171192364244,24,0.279720166524875
1.00175726353635,24,0.288348335220752
1.00180260343026,24,0.296975093906214
1.00184794332418,24,0.305600246718507
1.001938623112,24,0.32284511769748
1.00202930289982,24,0.340081960121781
1.00211998268764,24,0.357310095073545
1.00221066247547,24,0.374529058403899
1.00230134226329,24,0.391738536282014
1.00239202205111,24,0.408938317280405
1.00248270183893,24,0.426128257818255
1.00257338162676,24,0.443308260021565
1.00266406141458,24,0.460478258219175
1.0027547412024,24,0.47763820954634
1.00284542099022,24,0.494788086561484
1.00302678056587,24,0.52905755920031
1.00320814014151,24,0.563286597955778
1.00338949971716,24,0.597475203880739
1.0035708592928,24,0.631623396196306
1.00375221886845,24,0.665731199287824
1.00411493801973,24,0.733825862857133
1.00447765717102,24,0.80175947124667
1.0052030954736,24,0.937145225068789
1.00592853377618,24,1.07189080496775
1.00737941038134,24,1.33947517131322
1.0088302869865,24,1.60453119847635
1.01028116359165,24,1.86707903636293
1.01173204019681,24,2.12713922994287
1.01463379340712,24,2.63987180230694
1.01753554661744,24,3.14289054405852
1.02043729982775,24,3.63636309418108
1.02624080624838,24,4.59529905018339
1.03146396202695,24,5.42726196241257
1.03668711780551,24,6.23068652054764
1.04191027358408,24,7.00642173927613
1.04713342936265,24,7.75529395079294
1.05235658514121,24,8.47810861940968
1.06280289669834,24,9.84869984392738
1.07324920825548,24,11.1242823989775
1.08369551981261,24,12.3106923086562
1.09414183136974,24,13.4135964350415
1.10458814292687,24,14.438563252021
1.115034454484,24,15.3910968683349
1.12548076604113,24,16.2766440821971
1.13592707759827,24,17.1006015293038
1.15681970071253,24,18.5851203079085
1.17562306151537,24,19.7633684797159
1.19254608623792,24,20.7204902192756
1.20946911096047,24,21.5986666724145
1.22469983321077,24,22.3336334184984
1.23993055546107,24,23.023739786804
1.25363820548634,24,23.6096410668834
1.26734585551161,24,24.1625158079594
1.28105350553688,24,24.6806095451247
1.29476115556214,24,25.1604677189842
1.30846880558741,24,25.5978367897172
1.32080569061015,24,25.9517522386611
1.3331425756329,24,26.2657511267343
1.34547946065564,24,26.5389341962275
1.35781634567838,24,26.7721023332832
1.37015323070112,24,26.9679926261312
1.38249011572386,24,27.1312635882755
1.3948270007466,24,27.2682138739508
1.40716388576934,24,27.3863128012871
1.41950077079209,24,27.4934402168014
1.43183765581483,24,27.5971384441163
1.44417454083757,24,27.703879548406
1.45651142586031,24,27.8184389443363
1.46884831088305,24,27.9434240587703
1.48118519590579,24,28.0790264627792
1.49352208092853,24,28.2230382149802
1.50585896595128,24,28.3711442944889
1.51819585097402,24,28.5174688612123
1.53053273599676,24,28.6553252691342
1.5428696210195,24,28.7780930858824
1.55520650604224,24,28.8801205866637
1.56754339106498,24,28.9575338436394
1.57988027608772,24,29.0088332681363
1.59221716111047,24,29.0351813381851
1.60455404613321,24,29.0403297623606
1.61689093115595,24,29.030191420955
1.62922781617869,24,29.0121189595485
1.64156470120143,24,28.9939952942473
1.65390158622417,24,28.9832635507809
1.66623847124691,24,28.986023781239
1.67857535626966,24,29.0063057593724
1.6909122412924,24,29.0455987630141
1.70324912631514,24,29.1026873611864
1.71558601133788,24,29.1738105701526
1.72792289636062,24,29.2531307484404
1.74025978138336,24,29.3334671056195
1.7525966664061,24,29.4072164689977
1.76493355142885,24,29.4673537614327
1.77727043645159,24,29.5083827741937
1.78960732147433,24,29.5271023449879
1.80194420649707,24,29.5230704371022
1.81428109151981,24,29.4986899994766
1.82661797654255,24,29.4588995215767
1.83895486156529,24,29.4105151485904
1.85129174658804,24,29.3613252834285
1.86362863161078,24,29.3190712940442
1.87596551663352,24,29.2904549970176
1.88830240165626,24,29.2802984275311
1.900639286679,24,29.2909521827109
1.91297617170174,24,29.3220138544234
1.92531305672448,24,29.3703833315698
1.93764994174723,24,29.4306486547909
1.94998682676997,24,29.4957635928087
1.96232371179271,24,29.557945225246
1.97466059681545,24,29.609688194696
1.98699748183819,24,29.6447671849579
2.00043570571303,24,29.6592858711664
2.01387392958788,24,29.6476004208814
2.02731215346272,24,29.6121632657178
2.04075037733756,24,29.5591070895395
2.0541886012124,24,29.4972513321698
2.06762682508724,24,29.4366933454772
2.08106504896209,24,29.3872278557416
2.09450327283693,24,29.3568494875891
2.10794149671177,24,29.3505598349315
2.12137972058661,24,29.3696380467427
2.13481794446145,24,29.4114615803573
2.1482561683363,24,29.4698942412968
2.16169439221114,24,29.5361933960843
2.17513261608598,24,29.6003235354211
2.18857083996082,24,29.6524996018875
2.20200906383566,24,29.6847308579416
2.21541263537341,24,29.692127613799
2.22881620691117,24,29.6737952415933
2.24221977844892,24,29.6327564160705
2.25562334998667,24,29.5755737498388
2.26902692152442,24,29.5112882761563
2.28243049306217,24,29.4499784237731
2.29583406459992,24,29.4011888747274
2.30923763613767,24,29.3724802379788
2.32264120767542,24,29.3683086737804
2.33604477921317,24,29.3893800191536
2.34944835075092,24,29.4325532196431
2.36285192228867,24,29.4913010610948
2.37625549382642,24,29.5566719397273
2.38965906536417,24,29.6186321574328
2.40306263690193,24,29.6676063461428
2.41646620843968,24,29.6959851398097
2.42986977997743,24,29.6993516748813
2.44327335151518,24,29.6772079833804
2.45667692305293,24,29.6330631024179
2.47008049459068,24,29.5738626747526
2.48348406612843,24,29.5088651097256
2.49688763766618,24,29.4481681388893
2.51029120920393,24,29.4011384987447
2.52369478074168,24,29.3749924049303
2.53709835227943,24,29.3737286811994
2.55050192381718,24,29.3975503400495
2.56390549535493,24,29.4428406488614
2.57730906689268,24,29.5026932167331
2.59071263843044,24,29.5679314339739
2.60411620996819,24,29.6284883696948
2.61751978150594,24,29.6749572865279
2.63092335304369,24,29.7000773787026
2.64432692458144,24,29.6999071237154
2.65773049611919,24,29.6744738973229
2.67113406765694,24,29.6277753230665
2.68453763919469,24,29.5671286947169
2.69794121073244,24,29.5019885328978
2.71134478227019,24,29.4424456217415
2.72474835380794,24,29.3976625847619
2.73815192534569,24,29.3744896817683
2.75155549688344,24,29.3764548879185
2.7649590684212,24,29.4032549866637
2.77836263995895,24,29.4508048653162
2.7917662114967,24,29.5118361441288
2.80516978303445,24,29.5769721254954
2.8185733545722,24,29.6361418780686
2.83197692610995,24,29.6801364538308
2.8453804976477,24,29.702067952755
2.85878406918545,24,29.6984855565593
2.8721876407232,24,29.6699457401184
2.88559121226095,24,29.6209264498314
2.8989947837987,24,29.559098245426
2.91239835533645,24,29.4940869339284
2.9258019268742,24,29.4359496263194
2.93920549841195,24,29.3936206292808
2.95260906994971,24,29.3735661548838
2.96601264148746,24,29.3788337612114
2.97941621302521,24,29.4086141317069
2.99281978456296,24,29.458363589925
3.00622335610071,24,29.5204701070428
3.01962692763846,24,29.5853814399021
3.03303049917621,24,29.6430499949837
3.04643407071396,24,29.6844905576958
3.05983764225171,24,29.703208335512
3.07324121378946,24,29.696254047194
3.08664478532721,24,29.6647127096635
3.10004835686496,24,29.6135307850522
3.11345192840271,24,29.5507113253448
3.12685549994047,24,29.4860255151603
3.14025907147822,24,29.4294701964971
3.15366264301597,24,29.3897282277714
3.1672741364234,24,29.3728036211
3.18088562983082,24,29.3821142995229
3.19449712323825,24,29.4161911130534
3.20810861664568,24,29.4696718107036
3.22172011005311,24,29.5341130422097
3.23533160346054,24,29.599284784433
3.24894309686797,24,29.6547725841489
3.2625545902754,24,29.6916507167264
3.27616608368283,24,29.7039524608818
3.28977757709026,24,29.6896742903035
3.30338907049769,24,29.6511211793504
3.31700056390512,24,29.594521860534
3.33061205731255,24,29.5289860246633
3.34422355071997,24,29.4650004513529
3.3578350441274,24,29.4127353688996
3.37144653753483,24,29.3804438699347
3.38505803094226,24,29.3731961448672
3.39866952434969,24,29.3921194449683
3.41228101775712,24,29.4342356033594
3.42589251116455,24,29.4929117476345
3.43950400457198,24,29.5588670411788
3.45311549797941,24,29.6216057695236
3.46672699138684,24,29.671076874503
3.48033848479427,24,29.699304365938
3.4939499782017,24,29.7017121664037
3.50756147160913,24,29.6778997230918
3.52117296501655,24,29.6317162279565
3.53478445842398,24,29.570615018506
3.54839595183141,24,29.5044107724072
3.56200744523884,24,29.4436712696506
3.57561893864627,24,29.3980265946228
3.5892304320537,24,29.3746683827113
3.60284192546113,24,29.37725663553
3.61645341886856,24,29.4053756476168
3.63006491227599,24,29.4546019593589
3.64367640568342,24,29.5171726599869
3.65728789909085,24,29.5831699253783
3.67089939249828,24,29.6420652688923
3.6845108859057,24,29.6844001967849
3.69812237931313,24,29.7033346926389
3.71173387272056,24,29.6957923346188
3.72534536612799,24,29.6629859791852
3.73895685953542,24,29.610218287832
3.75256835294285,24,29.5459925247968
3.76617984635028,24,29.4806024514862
3.77979133975771,24,29.4244596069356
3.79340283316514,24,29.3864436377987
3.80701432657257,24,29.372531737051
3.82062581998,24,29.3848976619435
3.83423731338743,24,29.4215922899479
3.84784880679485,24,29.476840368417
3.86146030020228,24,29.5419147604536
3.87507179360971,24,29.6064770339251
3.88868328701714,24,29.6602017032653
3.90229478042457,24,29.6944403320406
3.915906273832,24,29.7036498877127
3.92951776723943,24,29.6863275917376
3.94312926064686,24,29.6452716881044
3.95674075405429,24,29.5871132689936
3.97035224746172,24,29.5212073418541
3.98396374086915,24,29.4580918895114
3.99757523427658,24,29.4077908685937
4.01118672768401,24,29.3782415331195
4.02479822109143,24,29.3740805914623
4.03840971449886,24,29.3959509230728
4.05202120790629,24,29.4404115217568
4.06563270131372,24,29.5004576717853
4.07924419472115,24,29.5665857283901
4.09285568812858,24,29.6282643355574
4.10646718153601,24,29.6756045656607
4.12007867494344,24,29.7009687441754
4.13369016835087,24,29.7002423148037
4.1473016617583,24,29.673532871298
4.16091315516573,24,29.6251582187677
4.17452464857316,24,29.5629219623398
4.18813614198059,24,29.4968143511652
4.20174763538802,24,29.4373794223907
4.21535912879545,24,29.3940331120646
4.22897062220288,24,29.373600352534
4.24258211561031,24,29.3792804193674
4.25619360901774,24,29.4101727614461
4.26980510242517,24,29.4614172694897
4.2834165958326,24,29.5249287861528
4.29702808924003,24,29.5906332457503
4.31063958264746,24,29.6480405917023
4.32425107605489,24,29.6879243546286
4.33786256946232,24,29.7038364080904
4.35147406286975,24,29.6931890298398
4.36508555627718,24,29.657698549311
4.3786970496846,24,29.6031004642835
4.39230854309203,24,29.5381882684559
4.40592003649946,24,29.4733581229727
4.41953152990689,24,29.4189241825499
4.43314302331432,24,29.3834894091537
4.44675451672175,24,29.372621631379
4.46036601012918,24,29.3880164126571
4.47397750353661,24,29.427249424239
4.48758899694404,24,29.4841442224661
4.50120049035147,24,29.5497082613316
4.5148119837589,24,29.6135174780045
4.52842347716633,24,29.6653587702095
4.54203497057376,24,29.696880911101
4.55564646398119,24,29.7029774839683
4.56925795738862,24,29.6826500517499
4.58286945079605,24,29.639183640148
4.59648094420348,24,29.5795962839033
4.61009243761091,24,29.5134668454498
4.62370393101834,24,29.4513608890303
4.63731542442577,24,29.4031342525029
4.6509269178332,24,29.3763915250579
4.66453841124063,24,29.375326336236
4.67814990464806,24,29.4000959489387
4.69176139805549,24,29.4468037227844
4.70537289146292,24,29.5080878597282
4.71898438487035,24,29.5742423259536
4.73259587827777,24,29.6347233340382
4.7462073716852,24,29.6798264750327
4.75981886509263,24,29.7022701116905
4.77343035850006,24,29.6984109602827
4.78704185190749,24,29.6688646004085
4.80065334531492,24,29.6184073529416
4.81426483872235,24,29.5551749886746
4.82787633212978,24,29.4893105995824
4.84148782553721,24,29.4313111005583
4.85509931894464,24,29.3903579738829
4.86871081235207,24,29.3728951072437
4.8823223057595,24,29.3816544857105
4.89593379916693,24,29.4152526594837
4.90954529257436,24,29.4684030492083
4.92315678598179,24,29.5327153939912
4.93676827938922,24,29.597981225578
4.95037977279665,24,29.6537722696751
4.96399126620408,24,29.6911151708919
4.97760275961151,24,29.7039687763084
4.99121425301894,24,29.6902402549774
5.00482574642637,24,29.6521454407532
5.0184372398338,24,29.5958392702671
5.03204873324123,24,29.5303851951474
5.04566022664866,24,29.4662583375317
5.05927172005609,24,29.4136528333934
5.07288321346352,24,29.3808765932012
5.08649470687095,24,29.3730764828601
5.10010620027837,24,29.3914664466852
5.1137176936858,24,29.4331520477146
5.12732918709323,24,29.4915686256053
5.14094068050066,24,29.5574774344541
5.15455217390809,24,29.6203915969276
5.16816366731552,24,29.6702333596828
5.18177516072295,24,29.6989679687932
5.19538665413038,24,29.7019376603946
5.20899814753781,24,29.6786507913071
5.22260964094524,24,29.6328714964854
5.23622113435267,24,29.5719884174719
5.2498326277601,24,29.5057823539333
5.26344412116753,24,29.4448228613517
5.27705561457496,24,29.3987762541423
5.29066710798239,24,29.3748983763867
5.30427860138982,24,29.37693111783
5.31789009479725,24,29.4045458864857
5.33150158820468,24,29.4533985670861
5.34511308161211,24,29.5157858208251
5.35872457501954,24,29.5818201344872
5.37233606842697,24,29.6409685989397
5.3859475618344,24,29.6837333615221
5.39955905524183,24,29.7032057619813
5.41317054864926,24,29.6962224458521
5.42678204205669,24,29.6639056148795
5.44039353546412,24,29.6114789361011
5.45400502887154,24,29.5473915075412
5.46761652227897,24,29.4819162513459
5.4812280156864,24,29.4254797603202
5.49483950909383,24,29.3870093264232
5.50845100250126,24,29.3725542896326
5.52206249590869,24,29.3843737591796
5.53567398931612,24,29.4206043313146
5.54928548272355,24,29.4755440366195
5.56289697613098,24,29.5405153399138
5.57650846953841,24,29.6051975665669
5.59011996294584,24,29.6592475130528
5.60373145635327,24,29.6939655088557
5.6173429497607,24,29.7037315405658
5.63095444316813,24,29.6869526986763
5.64456593657556,24,29.6463391717133
5.65817742998299,24,29.5884509707235
5.67178892339042,24,29.5226006578235
5.68540041679785,24,29.459318770044
5.69901191020528,24,29.4086571267765
5.71262340361271,24,29.3786109045479
5.72623489702014,24,29.3738953139
5.73984639042757,24,29.395240254438
5.753457883835,24,29.4392872539226
5.76706937724243,24,29.4990972440923
5.78068087064986,24,29.56520506495
5.79429236405729,24,29.627084049855
5.80790385746471,24,29.6748145266683
5.82151535087214,24,29.7006967985739
5.83512684427957,24,29.7005327604452
5.848738337687,24,29.6743388183732
5.86234983109443,24,29.6263494171584
5.87596132450186,24,29.5643066321803
5.88957281790929,24,29.4981708779506
5.90318431131672,24,29.4384921765656
5.91679580472415,24,29.3947263941146
5.93040729813158,24,29.373765331283
5.94401879153901,24,29.3788914321051
5.95763028494644,24,29.4092910153614
5.97124177835387,24,29.4601815864053
5.9848532717613,24,29.5235345593504
5.99846476516873,24,29.5893023026662
6.01207625857616,24,29.6469861452086
6.02568775198359,24,29.6873164244067
6.03929924539102,24,29.7037735701363
6.05291073879845,24,29.693681695333
6.06652223220588,24,29.658667061065
6.08013372561331,24,29.6043884692577
6.09374521902074,24,29.5395888193649
6.10735671242817,24,29.4746476227362
6.1209682058356,24,29.4198981805335
6.13457969924303,24,29.3839944648911
6.14819119265046,24,29.3725786265327
6.16180268605788,24,29.3874323007737
6.17541417946531,24,29.4262160668535
6.18902567287274,24,29.482824526697
6.20263716628017,24,29.5483113535854
6.2162486596876,24,29.6122661746687
6.22986015309503,24,29.6644540290203
6.24347164650246,24,29.6964689317301
6.25708313990989,24,29.7031252191732
6.27069463331732,24,29.6833337572948
6.28430612672475,24,29.6402927720071
6.29791762013218,24,29.5809520557499
6.31152911353961,24,29.5148519107955
6.32514060694704,24,29.4525546906346
6.33875210035447,24,29.4039479834583
6.3523635937619,24,29.3766972664046
6.36597508716933,24,29.3750763250174
6.37958658057676,24,29.3993295913762
6.39319807398419,24,29.4456415953621
6.40680956739162,24,29.5067134798711
6.42042106079905,24,29.5728739954768
6.43403255420648,24,29.6335798714609
6.44764404761391,24,29.6790919620707
6.46125554102134,24,29.7020634846496
6.47486703442877,24,29.6987659370833
6.4884785278362,24,29.6697238288323
6.50209002124363,24,29.6196320118099
6.51570151465106,24,29.556568030287
6.52931300805848,24,29.4906492417764
6.54292450146591,24,29.4323827287962
6.55653599487334,24,29.3909935058376
6.57014748828077,24,29.3729948408527
6.5837589816882,24,29.3812029932544
6.59737047509563,24,29.4143209602522
6.61098196850306,24,29.4671378840352
6.62459346191049,24,29.5313169481726
6.63820495531792,24,29.5966721729413
6.65181644872535,24,29.6527624831327
6.66542794213278,24,29.6905675832567
6.67903943554021,24,29.7039722370463
6.69265092894764,24,29.690794422954
6.70626242235507,24,29.6531607057544
6.7198739157625,24,29.597151802069
6.73348540916993,24,29.5317842500335
6.74709690257736,24,29.467520736547
6.76070839598479,24,29.4145785813766
6.77431988939222,24,29.3813199508701
6.78793138279965,24,29.3729680477324
6.80154287620708,24,29.3908234292056
6.81515436961451,24,29.4320755796583
6.82876586302194,24,29.4902284945618
6.84237735642937,24,29.5560861575417
6.8559888498368,24,29.6191712710988
6.86960034324423,24,29.6693801186903
6.88321183665165,24,29.6986197809512
6.89682333005908,24,29.7021511625699
6.91043482346651,24,29.6793915713364
6.92404631687394,24,29.6340198024943
6.93765781028137,24,29.5733592489259
6.9512693036888,24,29.5071561136904
6.96488079709623,24,29.445980970458
6.97849229050366,24,29.3995356900231
6.99210378391109,24,29.3751398325607
7.00571527731852,24,29.3766169277193
7.01932677072595,24,29.4037255215131
7.03293826413338,24,29.4522011357713
7.04654975754081,24,29.5144005281936
7.06016125094824,24,29.5804671842022
7.07377274435567,24,29.6398645243004
7.0873842377631,24,29.683056033527
7.10099573117053,24,29.7030649267076
7.11460722457796,24,29.6966411595967
7.12821871798539,24,29.6648161968559
7.14183021139282,24,29.6127343180394
7.15544170480025,24,29.5487898264142
7.16905319820768,24,29.4832340566923
7.18266469161511,24,29.4265079159961
7.19627618502254,24,29.3875857257511
7.20981284579653,24,29.3725986260635
7.22334950657052,24,29.3835937709359
7.23688616734451,24,29.4188561946524
7.2504228281185,24,29.4728971700408
7.26395948889249,24,29.5372751335143
7.27749614966648,24,29.6018770072334
7.29103281044048,24,29.6564876458856
7.30456947121447,24,29.6924154282351
7.31810613198846,24,29.703909524307
7.33164279276245,24,29.689117636869
7.34517945353644,24,29.6504022172922
7.35871611431043,24,29.5939502682339
7.37225277508442,24,29.5287489102836
7.38578943585841,24,29.4651180851832
7.39932609663241,24,29.4130621482467
7.4128627574064,24,29.3807125016509
7.42639941818039,24,29.3730938693294
7.43993607895438,24,29.3913790382922
7.45347273972837,24,29.4327212508168
7.46700940050236,24,29.490680459286
7.48054606127635,24,29.5561899177299
7.49408272205034,24,29.6189401398339
7.50761938282434,24,29.6689898417683
7.52115604359833,24,29.6983593892659
7.53469270437232,24,29.7023405185448
7.54822936514631,24,29.6802848667392
7.5617660259203,24,29.635718785508
7.57530268669429,24,29.5757584598459
7.58883934746828,24,29.5099351142262
7.60237600824227,24,29.4486476655833
7.61591266901627,24,29.4015135329043
7.62944932979026,24,29.3758827017633
7.64298599056425,24,29.3757301517939
7.65652265133824,24,29.401069972353
7.67005931211223,24,29.4479590251124
7.68359597288622,24,29.509086219102
7.69713263366021,24,29.574874058408
7.71066929443421,24,29.6349497107616
7.7242059552082,24,29.6797776477054
7.73774261598219,24,29.7021989401547
7.75127927675618,24,29.6986134687836
7.76481593753017,24,29.6695863732227
7.77835259830416,24,29.6197593169979
7.79188925907815,24,29.5570801626389
7.80542591985214,24,29.4914959605635
7.81896258062614,24,29.4333480431076
7.83249924140013,24,29.3917439994091
7.84603590217412,24,29.3731609067942
7.85957256294811,24,29.3804756595392
7.8731092237221,24,29.4125439781739
7.88664588449609,24,29.4643749981296
7.90018254527008,24,29.5278775702265
7.91371920604407,24,29.5930850745867
7.92725586681807,24,29.6496964866213
7.94079252759206,24,29.688709623838
7.95432918836605,24,29.7038843674992
7.96786584914004,24,29.6927791197237
7.98140250991403,24,29.6571651798154
7.99493917068802,24,29.602735583049
8.00847583146201,24,29.5381614308318
8.02201249223601,24,29.4736725738597
8.03554915301,24,29.4194179874491
8.04908581378399,24,29.3838799579567
8.06262247455798,24,29.3725825895747
8.07615913533198,24,29.3872699707414
8.08969579610597,24,29.4256538820963
8.10323245687996,24,29.4817573515032
8.11676911765395,24,29.5468103635197
8.13030577842794,24,29.6105846322644
8.14384243920194,24,29.6629861944738
8.15737909997593,24,29.6956675391631
8.17091576074992,24,29.7033933918754
8.18445242152391,24,29.684915110554
8.19798908229791,24,29.643185998835
8.2115257430719,24,29.5848721389019
8.22506240384589,24,29.519250141806
8.23859906461988,24,29.4566968009137
8.25213572539387,24,29.407037507101
8.26567238616787,24,29.3780225142014
8.27920904694186,24,29.3741551171573
8.29274570771585,24,29.3960258036444
8.30628236848984,24,29.440230785557
8.31981902926383,24,29.4998809465959
8.33335569003783,24,29.5656377121461
8.34689235081182,24,29.6271428964263
8.36042901158581,24,29.6746431513534
8.3739656723598,24,29.7005589213386
8.3875023331338,24,29.7007323781062
8.40103899390779,24,29.6751257420345
8.41457565468178,24,29.6278337221084
8.42811231545577,24,29.5664039713679
8.44164897622976,24,29.500593364428
8.45518563700376,24,29.4407888377244
8.46872229777775,24,29.3963661562377
8.48225895855174,24,29.3742467360715
8.49579561932573,24,29.3778581195506
8.50933228009973,24,29.4066304954976
8.52286894087372,24,29.4560865281481
8.53640560164771,24,29.5185105091654
8.5499422624217,24,29.5841135049922
8.56347892319569,24,29.6425418805234
8.57701558396969,24,29.6845129270316
8.59055224474368,24,29.703318586084
8.60408890551767,24,29.6959364742765
8.61762556629166,24,29.6635407335038
8.63116222706565,24,29.6113110725132
8.64469888783965,24,29.5475735161053
8.65823554861364,24,29.4824342895233
8.67177220938763,24,29.4261545807697
8.68530887016162,24,29.3875411970118
8.69884553093562,24,29.3726008701086
8.71238219170961,24,29.3836438583694
8.7259188524836,24,29.4189474875095
8.73945551325759,24,29.473016121444
8.75299217403158,24,29.5374037102085
8.76652883480558,24,29.6019957064214
8.78006549557957,24,29.6565784513941
8.79360215635356,24,29.6924645380212
8.80713881712755,24,29.7039096150307
8.82067547790155,24,29.6890691859812
8.83421213867554,24,29.6503134806897
8.84774879944953,24,29.5938358867421
8.86128546022352,24,29.5286274704528
8.87482212099751,24,29.4650091190639
8.88835878177151,24,29.412983072024
8.9018954425455,24,29.3806759493526
8.91543210331949,24,29.3731057961788
8.92896876409348,24,29.3914378449108
8.94250542486748,24,29.4328180322747
8.95604208564147,24,29.4908003394894
8.96957874641546,24,29.5563142989586
8.98311540718945,24,29.6190495724863
8.99665206796344,24,29.6690671033271
9.01018872873744,24,29.6983922823989
9.02372538951143,24,29.7023238983445
9.03726205028542,24,29.6802215147594
9.05079871105941,24,29.6356189551248
9.0643353718334,24,29.575638175237
9.0778720326074,24,29.509813543312
9.09140869338139,24,29.448544042477
9.10494535415538,24,29.4014441480489
9.11848201492937,24,29.3758584194106
9.13201867570337,24,29.3757547935759
9.14555533647736,24,29.4011397637519
9.15909199725135,24,29.4480631632232
9.17262865802534,24,29.5092084891091
9.18616531879933,24,29.5749952964532
9.19970197957333,24,29.6350507820784
9.21323864034732,24,29.6798424981821
9.22677530112131,24,29.7022172210159
9.2403119618953,24,29.6985822649626
9.2538486226693,24,29.6695107042477
9.26738528344329,24,29.6196513060373
9.28092194421728,24,29.5569570288531
9.29445860499127,24,29.4913772101146
9.30799526576526,24,29.4332523585911
9.32153192653926,24,29.391686338214
9.33506858731325,24,29.3731502377793
9.34860524808724,24,29.3805136367437
9.36214190886123,24,29.4126247078971
9.37567856963522,24,29.4644859197933
9.38921523040922,24,29.5280013414525
9.40275189118321,24,29.5932022208171
9.4162885519572,24,29.6497884493651
9.42982521273119,24,29.6887617418965
9.44336187350519,24,29.7038882892275
9.45689853427918,24,29.6927342055237
9.47043519505317,24,29.657078621369
9.48397185582716,24,29.6026212089365
9.49750851660115,24,29.5380374237185
9.51104517737515,24,29.4735585215953
9.52458183814914,24,29.4193317822162
9.53811849892313,24,29.3838350384704
9.55165515969712,24,29.3725859214786
9.56519182047112,24,29.387321023173
9.57872848124511,24,29.4257447169722
9.5922651420191,24,29.4818738084562
9.60580180279309,24,29.5469341938467
9.61933846356708,24,29.6106963050867
9.63287512434108,24,29.6630679765079
9.64641178511507,24,29.695706363857
9.65994844588906,24,29.7033830224699
9.67348510666305,24,29.6848571938308
9.68702176743705,24,29.6430898001692
9.70055842821104,24,29.5847530033232
9.71409508898503,24,29.5191269713388
9.72763174975902,24,29.4565890086172
9.74116841053301,24,29.4069619669965
9.75470507130701,24,29.3779909798915
9.768241732081,24,29.3741724670662
9.78177839285499,24,29.3960893299059
9.79531505362898,24,29.4403306040665
9.80885171440297,24,29.5000014740177
9.82238837517697,24,29.5657600260283
9.83592503595096,24,29.6272476650566
9.84946169672495,24,29.6747137049521
9.86299835749894,24,29.7005839678969
9.87653501827294,24,29.7007078835914
9.89007167904693,24,29.675055617871
9.90360833982092,24,29.6277291797726
9.91714500059491,24,29.5662816631508
9.9306816613689,24,29.5004726593393
9.9442183221429,24,29.4406887216383
9.95775498291689,24,29.3963022717137
9.97129164369088,24,29.3742290068245
9.98482830446487,24,29.3778892782596
9.99836496523887,24,29.4067056912951
10.0119016260129,24,29.4561940529905
10.0254382867869,24,29.518633551882
10.0389749475608,24,29.5842327118561
10.0525116083348,24,29.6426383734725
10.0660482691088,24,29.6845713251121
10.0795849298828,24,29.7033295280097
10.0931215906568,24,29.69589818595
10.1066582514308,24,29.6634593374864
10.1201949122048,24,29.611199572096
10.1337315729788,24,29.5474496449141
10.1472682337528,24,29.4823176267412
10.1608048945268,24,29.4260634401743
10.1743415553008,24,29.3874897934327
10.1878782160748,24,29.372597175897
10.2014148768487,24,29.3836884281476
10.2149515376227,24,29.4190333874176
10.2284881983967,24,29.4731299643729
10.2420248591707,24,29.5375276688039
10.2555615199447,24,29.6021102454529
10.2690981807187,24,29.6566653968114
10.2826348414927,24,29.692510006979
10.2961715022667,24,29.7039063071553
10.3097081630407,24,29.6890176128781
10.3232448238147,24,29.6502218917421
10.3367814845887,24,29.5937188986006
10.3503181453627,24,29.5285036588727
10.3638548061367,24,29.4648980157501
10.3773914669106,24,29.4129020843035
10.3909281276846,24,29.3806376872762
10.4044647884586,24,29.3731161837781
10.4180014492326,24,29.3914952529672
10.4315381100066,24,29.4329135294117
10.4450747707806,24,29.4909190257949
10.4586114315546,24,29.55643755679
10.4721480923286,24,29.6191579391557
10.4856847531026,24,29.669143351651
10.4992214138766,24,29.6984242177769
10.5127580746506,24,29.7023063834506
10.5262947354246,24,29.6801573407925
10.5398313961986,24,29.6355183845271
10.5533680569725,24,29.5755172382023
10.5669047177465,24,29.5096914087781
10.5804413785205,24,29.4484399396509
10.5939780392945,24,29.4013743568227
10.6075147000685,24,29.3758337891024
10.6210513608425,24,29.3757791283753
10.6345880216165,24,29.4012092713636
10.6481246823905,24,29.448167024859
10.6616613431645,24,29.5093304779938
10.6751980039385,24,29.5751162422254
10.6887346647125,24,29.6351515496809
10.7022713254865,24,29.6799070392106
10.7158079862605,24,29.7022351971773
10.7293446470344,24,29.6985507743764
10.7428813078084,24,29.6694347797767
10.7564179685824,24,29.6195430817827
10.7699546293564,24,29.5568337304599
10.7834912901304,24,29.4912583445985
10.7970279509044,24,29.433156603595
10.8105646116784,24,29.3916286411322
10.8241012724524,24,29.3731395539271
10.8376379332264,24,29.3805516050196
10.8511745940004,24,29.4127054200024
10.8647112547744,24,29.4645968031653
10.8782479155484,24,29.5281250460919
10.8917845763223,24,29.5933192700827
10.9053212370963,24,29.6498802885938
10.9188578978703,24,29.6888137190542
10.9323945586443,24,29.7038920656629
10.9459312194183,24,29.6926891562376
10.9594678801923,24,29.6569919517108
10.9730045409663,24,29.6025067578675
10.9865412017403,24,29.5379133792768
11.0000778625143,24,29.4734444711885
11.0136145232883,24,29.4192456119482
11.0271511840623,24,29.3837901763789
11.0406878448363,24,29.3725893195957
11.0542245056103,24,29.3873721361113
11.0677611663842,24,29.4258355933265
11.0812978271582,24,29.4819902777066
11.0948344879322,24,29.5470580018772
11.1083711487062,24,29.6108079212765
11.1219078094802,24,29.6631496735862
11.1354444702542,24,29.6957450861743
11.1489811310282,24,29.7033725473144
11.1625177918022,24,29.6847991828266
11.1760544525762,24,29.6429935318134
11.1895911133502,24,29.5846338318585
11.2031277741242,24,29.5190038026392
11.2166644348982,24,29.4564812537277
11.2302010956722,24,29.4068864925188
11.2437377564461,24,29.3779595278555
11.2572744172201,24,29.374189901965
11.2708110779941,24,29.3961529296533
11.2843477387681,24,29.4404304721389
11.2978843995421,24,29.5001220183303
11.3114210603161,24,29.5658823204515
11.3249577210901,24,29.6273523799705
11.3384943818641,24,29.6747841782502
11.3520310426381,24,29.7006089196893
11.3655677034121,24,29.7006832944555
11.3791043641861,24,29.6749854138894
11.3926410249601,24,29.6276245846632
11.4061776857341,24,29.5661593370216
11.419714346508,24,29.5003519734049
11.433251007282,24,29.4405886581525
11.446787668056,24,29.3962384645018
11.46032432883,24,29.374211367189
11.473860989604,24,29.3779205246899
11.487397650378,24,29.4067809590553
11.500934311152,24,29.4563016225392
11.514470971926,24,29.5187566046788
11.5280076327,24,29.5843518921543
11.541544293474,24,29.6427348069965
11.555080954248,24,29.6846296400403
11.568617615022,24,29.7033403761401
11.582154275796,24,29.6958598080869
11.5956909365699,24,29.6633778704111
11.6092275973439,24,29.6110880302592
11.6227642581179,24,29.5473257682399
11.6363009188919,24,29.4822009949365
11.6498375796659,24,29.4259723618316
11.6633742404399,24,29.3874384734313
11.6769109012139,24,29.3725935734693
11.6904475619879,24,29.3837330836118
11.7039842227619,24,29.4191193535337
11.7175208835359,24,29.4732438435658
11.7310575443099,24,29.5376516277958
11.7445942050839,24,29.6022247486555
11.7581308658578,24,29.6567522755885
11.7716675266318,24,29.6925553889348
11.7852041874058,24,29.703902905768
11.7987408481798,24,29.6889659547236
11.8122775089538,24,29.6501302397764
11.8258141697278,24,29.5936018793947
11.8393508305018,24,29.5283798528808
11.8528874912758,24,29.4647869535214
11.8664241520498,24,29.412821166489
11.8799608128238,24,29.3805995128873
11.8934974735978,24,29.3731266631783
11.9070341343718,24,29.3915527426864
11.9205707951458,24,29.4330090853372
11.9341074559197,24,29.4910377387063
11.9476441166937,24,29.5565608046436
11.9611807774677,24,29.6192662605783
11.9747174382417,24,29.6692195264319
11.9882540990157,24,29.6984560629415
12.0017907597897,24,29.7022887760983
12.0153274205637,24,29.6800930869486
12.0288640813377,24,29.6354177593698
12.0424007421117,24,29.575396280475
12.0559374028857,24,29.5095692904647
12.0694740636597,24,29.4483358871502
12.0830107244337,24,29.4013046419551
12.0965473852077,24,29.3758092491999
12.1100840459816,24,29.375803553577
12.1236207067556,24,29.4012788553462
12.1371573675296,24,29.4482709368986
12.1506940283036,24,29.5094524832846
12.1642306890776,24,29.5752371675926
12.1777673498516,24,29.6352522630479
12.1913040106256,24,29.6799715006206
12.2048406713996,24,29.7022530809844
12.2183773321736,24,29.6985191934989
12.2319139929476,24,29.6693587815517
12.2454506537216,24,29.6194348120361
12.2589873144956,24,29.5567104219063
12.2725239752696,24,29.491139505618
12.2860606360435,24,29.4330609074192
12.2995972968175,24,29.3915710257997
12.3131339575915,24,29.3731289619728
12.3266706183655,24,29.3805896610811
12.3402072791395,24,29.4127862021469
12.3537439399135,24,29.4647077278438
12.3672806006875,24,29.5282487566607
12.3808172614615,24,29.5934362887228
12.3943539222355,24,29.6499720652614
12.4078905830095,24,29.6888656115323
12.4214272437835,24,29.7038957487987
12.4349639045575,24,29.6926440199982
12.4485005653315,24,29.6569052153665
12.4620372261054,24,29.6023922709349
12.4755738868794,24,29.5377893352965
12.4891105476534,24,29.4733304572458
12.5026472084274,24,29.4191595082021
12.5161838692014,24,29.3837454003528
12.5297205299754,24,29.3725928099078
12.5432571907494,24,29.3874233330767
12.5567938515234,24,29.4259265324665
12.5703305122974,24,29.4821067786041
12.5838671730714,24,29.5471818052515
12.5974038338454,24,29.6109194969921
12.6109404946194,24,29.6632313005816
12.6244771553933,24,29.6957837198611
12.6380138161673,24,29.7033619791469
12.6515504769413,24,29.6847410893537
12.6650871377153,24,29.6428972047072
12.6786237984893,24,29.5845146346073
12.6921604592633,24,29.5188806449896
12.7056971200373,24,29.4563735447328
12.7192337808113,24,29.4068110913892
12.7327704415853,24,29.377928165087
12.7463071023593,24,29.3742074281694
12.7598437631333,24,29.396216608584
12.7733804239073,24,29.4405303949208
12.7869170846813,24,29.5002425841993
12.8004537454552,24,29.5660045996694
12.8139904062292,24,29.6274570450726
12.8275270670032,24,29.6748545748573
12.8410637277772,24,29.7006337800719
12.8546003885512,24,29.7006586138301
12.8681370493252,24,29.6749151330137
12.8816737100992,24,29.6275199395027
12.8952103708732,24,29.5660369955017
12.9087470316472,24,29.5002313089419
12.9222836924212,24,29.4404886493781
12.9358203531952,24,29.3961747365082
12.9493570139692,24,29.3741938188736
12.9628936747432,24,29.3779518603641
12.9764303355171,24,29.4068563001324
12.9899669962911,24,29.4564092380016
13.0035036570651,24,29.5188796686411
13.0170403178391,24,29.5844710468747
13.0305769786131,24,29.6428311820097
13.0441136393871,24,29.6846878726759
13.0576503001611,24,29.7033511312938
13.0711869609351,24,29.6958213414724
13.0847236217091,24,29.6632963330302
13.0982602824831,24,29.6109764477173
13.1117969432571,24,29.5472018867516
13.1253336040311,24,29.4820843947233
13.1388702648051,24,29.4258813462932
13.152406925579,24,29.3873872374917
13.165943586353,24,29.3725900632411
13.179480247127,24,29.3837778251123
13.193016907901,24,29.4192053861502
13.206553568675,24,29.4733577592682
13.220090229449,24,29.537775587396
13.233626890223,24,29.6023392162226
13.247163550997,24,29.6568390879131
13.260700211771,24,29.6926006840812
13.274236872545,24,29.7038994110728
13.287773533319,24,29.688914211734
13.301310194093,24,29.6500385250175
13.314846854867,24,29.5934848293498
13.3283835156409,24,29.5282560526929
13.3419201764149,24,29.4646759325734
13.3554568371889,24,29.4127403187473
13.3689934979629,24,29.3805614263178
13.3825301587369,24,29.3731372344742
13.3960668195109,24,29.3916103141275
13.4096034802849,24,29.433104700081
13.4231401410589,24,29.4911564782328
13.4366768018329,24,29.556684042519
13.4502134626069,24,29.6193745367558
13.4637501233809,24,29.6692956276842
13.4772867841549,24,29.6984878179278
13.4908234449288,24,29.7022710763471
13.5043601057028,24,29.68002875331
13.5178967664768,24,29.6353170797523
13.5314334272508,24,29.5752753021622
13.5449700880248,24,29.5094471884758
13.5585067487988,24,29.4482318850655
13.5720434095728,24,29.4012350035143
13.5855800703468,24,29.3757847997434
13.5991167311208,24,29.3758280691921
13.6126533918948,24,29.4013485156836
13.6261900526688,24,29.4483748993044
13.6397267134428,24,29.5095745049318
13.6532633742168,24,29.5753580725038
13.6668000349907,24,29.635352922138
13.6803366957647,24,29.6800358823894
13.6938733565387,24,29.7022708724399
13.7074100173127,24,29.69848752236
13.7209466780867,24,29.669282709627
13.7344833388607,24,29.619326496869
13.7480199996347,24,29.556587103271
13.7615566604087,24,29.491020693248
13.7750933211827,24,29.4329652701249
13.7886299819567,24,29.3915134922556
13.8021666427307,24,29.3731184619286
13.8157033035047,24,29.3806278049134
13.8292399642787,24,29.4128670542916
13.8427766250526,24,29.4648186937721
13.8563132858266,24,29.5283724730945
13.8698499466006,24,29.5935532766756
13.8833866073746,24,29.6500637793198
13.8969232681486,24,29.6889174193047
13.9104599289226,24,29.7038993386362
13.9239965896966,24,29.6925987968341
13.9375332504706,24,29.6568184123882
13.9510699112446,24,29.6022777482056
13.9646065720186,24,29.5376652918494
13.9781432327926,24,29.4732164798326
13.9916798935666,24,29.4190734710272
14.0052165543406,24,29.3837007104186
14.0187532151145,24,29.3725963924145
14.0322898758885,24,29.3874746140425
14.0458265366625,24,29.4260175343432
14.0593631974365,24,29.4822233110851
14.0728998582105,24,29.5473056039015
14.0864365189845,24,29.6110310321718
14.0999731797585,24,29.6633128574488
14.1135098405325,24,29.6958222648962
14.1270465013065,24,29.7033513179743
14.1405831620805,24,29.6846829134459
14.1541198228545,24,29.6428008189058
14.1676564836285,24,29.5843954116375
14.1811931444024,24,29.5187574984595
14.1947298051764,24,29.4562658816927
14.2082664659504,24,29.4067357636497
14.2218031267244,24,29.3778968916035
14.2353397874984,24,29.37422504567
14.2488764482724,24,29.3962803666635
14.2624131090464,24,29.4406303723572
14.2759497698204,24,29.5003631715581
14.2894864305944,24,29.5661268636137
14.3030230913684,24,29.6275616603042
14.3165597521424,24,29.6749248947337
14.3300964129164,24,29.7006585490309
14.3436330736904,24,29.7006338417295
14.3571697344643,24,29.6748447752839
14.3707063952383,24,29.6274152443506
14.3842430560123,24,29.5659146386598
14.3977797167863,24,29.5001106660178
14.4113163775603,24,29.4403886953704
14.4248530383343,24,29.3961110877682
14.4383896991083,24,29.3741763618878
14.4519263598823,24,29.3779832852651
14.4654630206563,24,29.4069317144849
14.4789996814303,24,29.4565168993185
14.4925363422043,24,29.5190027437007
14.5060730029783,24,29.5845901759506
14.5196096637523,24,29.6429274984579
14.5331463245262,24,29.6847460229858
14.5466829853002,24,29.703361793465
14.5602196460742,24,29.6957827861285
14.5737563068482,24,29.6632147253901
14.5872929676222,24,29.6108648245332
14.6008296283962,24,29.5470780005186
14.6143662891702,24,29.4819678261666
14.6279029499442,24,29.4257903936095
14.6414396107182,24,29.3873360856421
14.6549762714922,24,29.3725866452141
14.6685129322662,24,29.3838226526242
14.6820495930402,24,29.4192914852196
14.6955862538142,24,29.4734717114168
14.7091229145881,24,29.5378995475355
14.7226595753621,24,29.6024536480897
14.7361962361361,24,29.656925833736
14.7497328969101,24,29.6926458923923
14.7632695576841,24,29.7038958230714
14.7768062184581,24,29.6888623839386
14.7903428792321,24,29.6499467475172
14.8038795400061,24,29.5933677485317
14.8174162007801,24,29.5281322583782
14.8309528615541,24,29.4645649529679
14.8444895223281,24,29.4126595411231
14.8580261831021,24,29.3805234275887
14.8715628438761,24,29.3731478976601
14.88509950465,24,29.3916679672592
14.898636165424,24,29.4332003735904
14.912172826198,24,29.4912752443085
14.925709486972,24,29.5568072703473
14.939246147746,24,29.6194827676271
14.95278280852,24,29.6693716553649
14.966319469294,24,29.6985194827179
14.979856130068,24,29.702253284207
14.993392790842,24,29.6799643399133
15.006929451616,24,29.6352163457314
15.02046611239,24,29.5751543033318
15.034002773164,24,29.5093251028795
15.0475394339379,24,29.4481279334542
15.0610760947119,24,29.4011654415388
15.0746127554859,24,29.3757604407464
15.0881494162599,24,29.3758526752071
15.1016860770339,24,29.4014182523372
15.1152227378079,24,29.4484789120189
15.1287593985819,24,29.5096965428676
15.1422960593559,24,29.5754789568911
15.1558327201299,24,29.6354535268941
15.1693693809039,24,29.6801001844807
15.1829060416779,24,29.7022885715337
15.1964427024519,24,29.6984557609778
15.2099793632259,24,29.6692065640459
15.2235160239998,24,29.6192181363427
15.2370526847738,24,29.5564637746232
15.2505893455478,24,29.4909019075548
15.2641260063218,24,29.4328696917648
15.2776626670958,24,29.3914560405316
15.2911993278698,24,29.3731080538004
15.3047359886438,24,29.3806660364953
15.3182726494178,24,29.4129479763917
15.3318093101918,24,29.4649297008886
15.3453459709658,24,29.528496195324
15.3588826317398,24,29.5936702338754
15.3724192925138,24,29.650155430717
15.3859559532878,24,29.6889691423419
15.3994926140617,24,29.7039028351731
15.4130292748357,24,29.6925534867711
15.4265659356097,24,29.6567315428249
15.4401025963837,24,29.6021631897443
15.4536392571577,24,29.537541249005
15.4671759179317,24,29.4731025390125
15.4807125787057,24,29.4189875004711
15.4942492394797,24,29.3836561066007
15.5077859002537,24,29.3726000671137
15.5213225610277,24,29.3875259789804
15.5348592218017,24,29.4261085989062
15.5483958825757,24,29.4823398750848
15.5619325433497,24,29.5474293977577
15.5754692041236,24,29.6111425267525
15.5890058648976,24,29.6633943441415
15.6025425256716,24,29.6958607212577
15.6160791864456,24,29.7033405638025
15.6296158472196,24,29.6846246551363
15.6431525079936,24,29.6427043744637
15.6566891687676,24,29.5842761630161
15.6702258295416,24,29.5186343631177
15.6837624903156,24,29.4561582646674
15.6972991510896,24,29.4066605093419
15.7108358118636,24,29.3778657074222
15.7243724726376,24,29.3742427544572
15.7379091334116,24,29.3963442038565
15.7514457941855,24,29.4407304043928
15.7649824549595,24,29.5004837803393
15.7785191157335,24,29.5662491122156
15.7920557765075,24,29.627666225606
15.8055924372815,24,29.6749951378393
15.8191290980555,24,29.7006832265519
15.8326657588295,24,29.7006089781676
15.8462024196035,24,29.6747743407399
15.8597390803775,24,29.6273104992661
15.8732757411515,24,29.5657922665649
15.8868124019255,24,29.4999900446998
15.9003490626995,24,29.4402887961851
15.9138857234734,24,29.396047518317
15.9274223842474,24,29.3741589962412
15.9409590450214,24,29.3780147993755
15.9544957057954,24,29.4070072020711
15.9680323665694,24,29.4566246064298
15.9815690273434,24,29.5191258297885
15.9951056881174,24,29.584709279315
16.0086423488914,24,29.6430237562862
16.0221790096654,24,29.6848040909368
16.0357156704394,24,29.7033723626474
16.0492523312134,24,29.6957441420769
16.0627889919874,24,29.663133047537
16.0763256527613,24,29.6107531607702
16.0898623135353,24,29.5469541096104
16.1033989743093,24,29.4818512893314
16.1169356350833,24,29.4256995038308
16.1304722958573,24,29.3872850179106
16.1440089566313,24,29.3725833193902
16.1575456174053,24,29.383867566123
16.1710822781793,24,29.4193776506941
16.1846189389533,24,29.4735856999483
16.1981555997273,24,29.5380235081448
16.2116922605012,24,29.6025680441922
16.2252289212752,24,29.6570125130079
16.2387655820492,24,29.6926910138424
16.2523022428232,24,29.7038921417661
16.2658389035972,24,29.688810471367
16.2793755643712,24,29.6498549073277
16.2929122251452,24,29.5932506370066
16.3064488859192,24,29.5280084700062
16.3199855466932,24,29.4644540147667
16.3335222074672,24,29.412578833661
16.3470588682412,24,29.3804855167208
16.3605955290151,24,29.37315865273
16.3741321897891,24,29.3917257020493
16.3876688505631,24,29.4332961058121
16.4012055113371,24,29.4913940368669
16.4147421721111,24,29.5569304880591
16.4282788328851,24,29.6195909531312
16.4418154936591,24,29.6694476094307
16.4553521544331,24,29.6985510572934
16.4688888152071,24,29.7022353996881
16.4824254759811,24,29.6798998467951
16.495962136755,24,29.6351155573642
16.509498797529,24,29.575033284052
16.523035458303,24,29.5092030337441
16.536572119077,24,29.4480240323741
16.550108779851,24,29.4010959560669
16.563645440625,24,29.3757361722221
16.577182101399,24,29.3758773716083
16.590718762173,24,29.4014880652686
16.604255422947,24,29.4485829749843
16.617792083721,24,29.5098185970237
16.631328744495,24,29.5755998206864
16.6448654052689,24,29.6355540772592
16.6584020660429,24,29.6801644068575
16.6719387268169,24,29.7023061782557
16.6854753875909,24,29.6984239093701
16.6990120483649,24,29.6691303448516
16.7125487091389,24,29.6191097305183
16.7260853699129,24,29.5563404360322
16.7396220306869,24,29.4907831486046
16.7531586914609,24,29.432774172392
16.7666953522349,24,29.3913986706591
16.7802320130088,24,29.3730977375937
16.7937686737828,24,29.3807043558058
16.8073053345568,24,29.4130289684025
16.8208419953308,24,29.4650407491316
16.8343786561048,24,29.52861992328
16.8479153168788,24,29.5937871602561
16.8614519776528,24,29.650247019401
16.8749886384268,24,29.6890207806144
16.8885252992008,24,29.7039062384075
16.9020619599748,24,29.6925080898348
16.9155986207487,24,29.6566446067261
16.9291352815227,24,29.6020485956157
16.9426719422967,24,29.5374172068329
16.9562086030707,24,29.4729886348489
16.9697452638447,24,29.4189015965816
16.9832819246187,24,29.3836115889237
16.9968185853927,24,29.3726038340033
17.0103552461667,24,29.3875774278619
17.0238919069407,24,29.4261997261052
17.0374285677147,24,29.4824564705383
17.0509652284887,24,29.5475531867508
17.0645018892626,24,29.6112539806714
17.0780385500366,24,29.6634757606134
17.0915752108106,24,29.6958990889235
17.1051118715846,24,29.7033297166377
17.1186485323586,24,29.684566314458
17.1321851931326,24,29.6426078714357
17.1457218539066,24,29.5841568888104
17.1592585146806,24,29.5185112390332
17.1727951754546,24,29.4560506937166
17.1863318362286,24,29.4065853285074
17.1998684970025,24,29.3778346125602
17.2134051577765,24,29.374260554521
17.2269418185505,24,29.3964081201277
17.2404784793245,24,29.4408304909721
17.2540151400985,24,29.5006044104758
17.2675518008725,24,29.5663713454067
17.2810884616465,24,29.627770740919
17.2946251224205,24,29.6750653041341
17.3081617831945,24,29.7007078126209
17.3216984439685,24,29.7005840231587
17.3352351047425,24,29.6747038294219
17.3487717655164,24,29.6272057043083
17.3623084262904,24,29.5656698792856
17.3758450870644,24,29.4998694450554
17.3893817478384,24,29.4401889518774
17.4029184086124,24,29.3959840281894
17.4164550693864,24,29.3741417219432
17.4299917301604,24,29.3780464026777
17.4435283909344,24,29.4070827628493
17.4570650517084,24,29.456732359276
17.4706017124824,24,29.519248926836
17.4841383732563,24,29.5848283569009
17.4976750340303,24,29.6431199554403
17.5112116948043,24,29.684862076496
17.5247483555783,24,29.703382838835
17.5382850163523,24,29.6957054093397
17.5518216771263,24,29.6630512995173
17.5653583379003,24,29.6106414564912
17.5788949986743,24,29.5468302140967
17.5924316594483,24,29.4817347842825
17.6059683202223,24,29.4256086770075
17.6195049809963,24,29.3872340343253
17.6330416417702,24,29.3725800857712
17.6465783025442,24,29.3839125655839
17.6601149633182,24,29.4194638825263
17.6736516240922,24,29.4736997247994
17.6871882848662,24,29.5381474691547
17.7007249456402,24,29.6026824044658
17.7142616064142,24,29.6570991256797
17.7277982671882,24,29.6927360484057
17.7413349279622,24,29.7038883671587
17.7548715887362,24,29.6887584740486
17.7684082495101,24,29.649763004501
17.7819449102841,24,29.5931334948405
17.7954815710581,24,29.527884687646
17.8090182318321,24,29.4643431180313
17.8225548926061,24,29.4124981964055
17.8360915533801,24,29.3804476937351
17.8496282141541,24,29.3731694996779
17.8631648749281,24,29.3917835184661
17.8767015357021,24,29.4333918966933
17.8902381964761,24,29.4915128558423
17.90377485725,24,29.5570536955857
17.917311518024,24,29.6196990932069
17.930848178798,24,29.6695234898385
17.944384839572,24,29.6985825416365
17.957921500346,24,29.7022174228006
17.97145816112,24,29.679835273992
17.984994821894,24,29.6350147147077
17.998531482668,24,29.5749122443909
18.012068143442,24,29.5090809811378
18.025604804216,24,29.4479201818829
18.03914146499,24,29.401026547137
18.0526781257639,24,29.375711994184
18.0662147865379,24,29.3759021583821
18.0797514473119,24,29.4015579544393
18.0932881080859,24,29.4486870881432
18.1068247688599,24,29.5099406673321
18.1203614296339,24,29.5757206638221
18.1338980904079,24,29.6356545731768
18.1474347511819,24,29.6802285494836
18.1609714119559,24,29.7023236925957
18.1745080727299,24,29.6983919675552
18.1880447335038,24,29.6690540520872
18.2015813942778,24,29.6190012794572
18.2151180550518,24,29.5562170875673
18.2286547158258,24,29.4906644164636
18.2421913765998,24,29.4326787120593
18.2557280373738,24,29.3913413826699
18.2692646981478,24,29.3730875133142
18.2828013589218,24,29.3807427628237
18.2963380196958,24,29.4131100302793
18.3098746804698,24,29.4651518384397
18.3234113412438,24,29.5287436568936
18.3369480020177,24,29.5939040557522
18.3504846627917,24,29.6503385453199
18.3640213235657,24,29.6890723340928
18.3775579843397,24,29.7039095483371
18.3910946451137,24,29.6924626060511
18.4046313058877,24,29.6565576041409
18.4181679666617,24,29.6019339658843
18.4317046274357,24,29.5372931654025
18.4452412882097,24,29.472874767405
18.4587779489837,24,29.4188157594058
18.4723146097576,24,29.3835671574119
18.4858512705316,24,29.3726076930812
18.4993879313056,24,29.3876289606588
18.5129245920796,24,29.4262909158899
18.5264612528536,24,29.4825730973808
18.5399979136276,24,29.5476769708117
18.5535345744016,24,29.6113653938657
18.5670712351756,24,29.6635571068183
18.5806078959496,24,29.6959373678718
18.5941445567236,24,29.7033187764858
18.6076812174976,24,29.684507891444
18.6212178782715,24,29.6425113098763
18.6347545390455,24,29.5840375890874
18.6482911998195,24,29.5183881262747
18.6618278605935,24,29.4559431688998
18.6753645213675,24,29.4065102211874
18.6889011821415,24,29.3778036070345
18.7024378429155,24,29.3742784458516
18.7159745036895,24,29.3964721154419
18.7295111644635,24,29.4409306320398
18.7430478252375,24,29.5007250619004
18.7565844860114,24,29.5664935631185
18.7701211467854,24,29.6278752061841
18.7836578075594,24,29.6751353935784
18.7971944683334,24,29.7007323072238
18.8107311291074,24,29.7005589767168
18.8242677898814,24,29.6746332413697
18.8378044506554,24,29.6271008595366
18.8513411114294,24,29.5655474768909
18.8648777722034,24,29.4997488671518
18.8784144329774,24,29.4400891625026
18.8919510937513,24,29.3959206174205
18.9054877545253,24,29.3741245390034
18.9190244152993,24,29.3780780951545
18.9325610760733,24,29.4071583967779
18.9460977368473,24,29.4568401577972
18.9596343976213,24,29.5193720347744
18.9731710583953,24,29.5849474086414
18.9867077191693,24,29.6432160958658
19.0002443799433,24,29.6849199796302
19.0137810407173,24,29.7033932220216
19.0273177014913,24,29.6956665879389
19.0408543622652,24,29.6629694813773
19.0543910230392,24,29.6105297117593
19.0679276838132,24,29.5467063140468
19.0814643445872,24,29.4816183110848
19.0950010053612,24,29.4255179131896
19.1085376661352,24,29.3871831349143
19.1220743269092,24,29.3725769443588
19.1356109876832,24,29.3839576509819
19.1491476484572,24,29.4195501806685
19.1626843092312,24,29.4738137859068
19.1762209700051,24,29.5382714304957
19.1897576307791,24,29.602796728846
19.2032942915531,24,29.6571856717024
19.2168309523271,24,29.6927809960566
19.2303676131011,24,29.7038844992513
19.2439042738751,24,29.688706392013
19.2574409346491,24,29.6496710390891
19.2709775954231,24,29.5930163220994
19.2845142561971,24,29.527760911367
19.2980509169711,24,29.4642322628234
19.3115875777451,24,29.4124176294012
19.325124238519,24,29.3804099586521
19.338660899293,24,29.3731804384977
19.352197560067,24,29.3918414164778
19.365734220841,24,29.4334877461811
19.379270881615,24,29.4916317011684
19.392807542389,24,29.5571768928579
19.406344203163,24,29.6198071877933
19.419880863937,24,29.6695992965452
19.433417524711,24,29.6986139357291
19.446954185485,24,29.7021993535545
19.4604908462589,24,29.6797706215406
19.4740275070329,24,29.6349138178191
19.4875641678069,24,29.5747911844166
19.5011008285809,24,29.5089589451288
19.5146374893549,24,29.4478163820382
19.5281741501289,24,29.4009572147872
19.5417108109029,24,29.3756879066453
19.5552474716769,24,29.3759270355148
19.5687841324509,24,29.4016279198106
19.5823207932249,24,29.4487912514377
19.5958574539989,24,29.5100627537248
19.6093941147728,24,29.5758414862302
19.6229307755468,24,29.6357550145897
19.6364674363208,24,29.6802926123224
19.6500040970948,24,29.7023411145437
19.6635407578688,24,29.6983599355512
19.6770774186428,24,29.6689776857963
19.6906140794168,24,29.6188927832206
19.7041507401908,24,29.5560937292977
19.7176874009648,24,29.490545711198
19.7312240617388,24,29.4325833108197
19.7447607225127,24,29.3912841765954
19.7582973832867,24,29.3730773809674
19.7718340440607,24,29.3807812575278
19.7853707048347,24,29.4131911619772
19.7989073656087,24,29.4652629687509
19.8124440263827,24,29.5288673960954
19.8259806871567,24,29.5940209202977
19.8395173479307,24,29.6504300084219
19.8530540087047,24,29.6891238027477
19.8665906694787,24,29.7039127649602
19.8801273302526,24,29.6924170354457
19.8936639910266,24,29.6564705351187
19.9072006518006,24,29.6018193006149
19.9207373125746,24,29.5371691247834
19.9342739733486,24,29.4727609367444
19.9478106341226,24,29.4187299889913
19.9613472948966,24,29.38352281209
19.9748839556706,24,29.3726116443452
19.9884206164446,24,29.3876805773426
20,24,29.4194863584772
